[
    {
        "nama_bandara" : "Soekarno-Hatta",
        "code" : "CGK",
        "pajak" : 50000
    },
    {
        "nama_bandara" : "Husein Sastranegara",
        "code" : "BDO",
        "pajak" : 30000
    },
    {
        "nama_bandara" : "Abdul Rachman Saleh",
        "code" : "MLG",
        "pajak" : 40000
    },
    {
        "nama_bandara" : "Juanda",
        "code" : "SUB",
        "pajak" : 40000
    },
    {
        "nama_bandara" : "Ngurah Rai",
        "code" : "DPS",
        "pajak" : 80000
    },
    {
        "nama_bandara" : "Hasanuddin",
        "code" : "UPG",
        "pajak" : 70000
    },
    {
        "nama_bandara" : "Inanwatan",
        "code" : "INX",
        "pajak" : 90000
    },
    {
        "nama_bandara" : "Sultan Iskandarmuda",
        "code" : "BTJ",
        "pajak" : 70000
    }
]
