[{"maskapai":"Garuda","asal":"Soekarno-Hatta (CGK)","tujuan":"Husein Sastranegara (BDO)","harga_tiket":"2500000","pajak":80000,"total_harga":2580000},{"maskapai":"Sriwijaya","asal":"Soekarno-Hatta (CGK)","tujuan":"Husein Sastranegara (BDO)","harga_tiket":"3000000","pajak":80000,"total_harga":3080000},{"maskapai":"Citilink","asal":"Juanda (SUB)","tujuan":"Hasanuddin (UPG)","harga_tiket":"2000000","pajak":110000,"total_harga":2110000},{"maskapai":"Adam Air","asal":"Soekarno-Hatta (CGK)","tujuan":"Hasanuddin (UPG)","harga_tiket":"1000000","pajak":120000,"total_harga":1120000},{"maskapai":"Adam Air","asal":"Soekarno-Hatta (CGK)","tujuan":"Husein Sastranegara (BDO)","harga_tiket":"2000000","pajak":80000,"total_harga":2080000},{"maskapai":"Adam Air","asal":"Soekarno-Hatta (CGK)","tujuan":"Hasanuddin (UPG)","harga_tiket":"1000000","pajak":120000,"total_harga":1120000}]